Year,Region,Country,Internet_Penetration,Gender,a1,a2_opps_other,a3,b1_hours_work,a4,a5_r,a6_r,b2_self,b3,b4,b5_man_other,b6_live_wage,b6_live_non_wage,b7,b8,b9,b10,c1_care,c1a_r,c1b_spouse,c1b_nonspouse,c1c_hours_care,c1d,c2_clean,c2_shop,c2_water_fuel,c2_cook,c2_farm,c2_animals,c2_hhmanage,c2_business,c2_none,c2_other,c2a,c2b_spouse,Hours Chores,c2d,increase,"Hours, COVID",c3,c4_housewife_other,d0,d1,d4_home,d4_vehicle,d4_phone,d4_computer,d4_land,d4_none,d5,d6_school,d6_migrate,d6_medical,d6_wait,d6_job,d6_transport,d6_personal,d6_health,d6_isolate,d6_none,d6_other,d7_money,d7_food,d7_stuck,d7_info,d7_work,d7_health,d7_loan,d7_bored,d7_none
2020,North America,Canada,95 to 100%,Female,93,7.40,54,7.78,54,43,66,67,54,8,4.15,54,56,75,33,37,25,40,23,59,61,8.45,56,87,68,10,77,4,46,64,9,2,3,77,53,2.91,45,1.31,4.22,30,5.26,61,17,50,66,79,80,20,4,17,33,5,22,33,22,10,15,20,42,17,5,35,30,37,33,32,33,19,30,7
2020,North America,Canada,95 to 100%,Male,92,7.62,59,8.75,46,55,68,77,75,14,4.51,46,44,78,31,32,23,35,23,41,39,6.43,49,74,60,18,65,8,37,59,12,4,4,75,47,2.09,35,0.73,2.82,23,4.74,61,20,51,73,85,83,28,4,16,27,6,23,31,20,9,13,16,35,24,6,33,28,35,29,26,26,19,31,6
2020,North America,United States,70 to 75%,Female,90,7.42,50,8.45,60,46,57,64,52,10,4.32,59,61,77,34,38,31,44,19,57,67,9.26,53,88,70,12,78,4,47,70,10,4,3,73,56,3.22,43,1.38,4.60,37,5.57,62,16,57,75,84,76,24,4,14,36,4,71,36,17,7,14,20,48,19,6,39,34,37,42,33,28,17,32,7
2020,North America,United States,70 to 75%,Male,89,7.88,64,8.88,40,74,55,85,72,21,4.70,41,39,82,31,32,23,40,30,43,33,6.20,44,74,59,19,61,6,40,63,17,7,4,81,44,2.65,36,0.95,3.60,33,5.00,66,18,59,80,89,78,34,3,13,26,4,29,28,17,9,12,17,40,27,5,33,28,32,40,35,25,17,27,8
2020,Latin America and Caribbean,Argentina,60 to 65%,Female,93,6.45,39,7.51,62,37,70,55,51,16,5.55,62,60,46,36,35,67,72,27,64,67,14.89,49,87,45,10,67,3,42,53,11,4,2,78,55,5.68,55,3.12,8.80,30,6.24,59,4,58,32,32,38,13,22,35,46,7,16,33,28,37,23,32,47,7,7,53,54,38,20,37,40,17,15,3
2020,Latin America and Caribbean,Argentina,60 to 65%,Male,90,6.36,54,8.68,38,49,72,70,64,27,5.21,38,40,48,24,25,63,67,32,36,33,11.75,50,60,47,22,53,4,31,51,14,6,2,90,45,3.95,46,1.82,5.77,31,5.69,58,10,56,50,50,44,22,14,36,39,7,17,26,31,30,18,21,47,12,8,52,51,34,20,50,30,21,20,2
2020,Latin America and Caribbean,Bolivia,35 to 40%,Female,91,6.07,47,6.74,52,21,68,44,46,23,5.72,51,51,20,22,23,78,71,30,47,54,12.33,61,77,32,7,58,6,30,34,10,4,3,86,43,4.99,62,3.09,8.08,32,6.40,40,2,54,24,38,40,14,24,39,39,8,31,32,35,48,25,31,50,6,8,52,57,40,20,41,48,37,21,3
2020,Latin America and Caribbean,Bolivia,40 to 45%,Male,88,6.27,56,7.65,48,37,71,57,63,29,5.68,49,49,28,19,20,75,68,28,53,46,8.53,64,53,40,16,41,8,28,38,14,9,2,89,57,3.36,58,1.95,5.31,30,5.81,47,5,54,35,57,51,22,15,34,37,11,35,30,38,48,33,33,51,6,6,49,53,40,26,50,47,34,26,2
2020,Latin America and Caribbean,Brazil,50 to 55%,Female,97,5.66,46,7.47,60,37,79,56,52,16,5.43,63,60,60,30,31,50,61,31,59,66,11.74,64,89,41,6,64,3,44,56,19,3,1,82,52,5.22,59,3.08,8.30,25,5.92,ij,6,38,32,66,41,11,14,42,49,4,12,33,20,20,20,23,61,9,3,56,50,41,25,41,38,20,23,3
2020,Latin America and Caribbean,Brazil,55 to 60%,Male,95,5.92,58,8.33,40,45,82,68,66,25,5.28,37,40,65,27,29,39,50,33,41,34,7.94,59,64,39,11,40,5,34,60,22,7,1,90,48,3.39,44,1.49,4.88,22,5.55,59,10,43,50,73,51,18,8,37,36,4,11,22,21,16,12,17,55,15,3,53,42,34,26,44,31,21,23,2
2020,Latin America and Caribbean,Chile,80 to 85%,Female,92,6.50,41,7.60,58,40,72,59,47,11,5.72,59,59,41,38,36,66,71,74,59,69,14.95,61,85,46,16,73,5,38,53,11,3,2,81,59,5.47,61,3.34,8.81,19,6.18,57,3,54,31,57,53,9,16,38,46,10,25,38,37,25,19,34,57,7,7,63,70,50,30,49,47,24,21,3
2020,Latin America and Caribbean,Chile,80 to 85%,Male,89,6.77,48,8.87,42,47,67,73,67,22,5.54,41,41,41,20,20,67,61,78,41,31,10.43,55,67,50,22,54,6,34,50,10,9,3,82,41,3.82,52,1.99,5.81,18,5.53,55,8,50,40,74,52,15,11,39,37,15,27,34,44,26,21,32,53,8,10,59,63,45,31,59,36,29,27,3
2020,Latin America and Caribbean,Colombia,50 to 55%,Female,92,6.55,38,6.93,57,31,62,47,43,16,5.46,59,55,18,25,24,77,71,25,54,63,13.81,61,81,30,4,59,3,26,36,6,5,2,81,43,5.27,57,3.00,8.27,30,6.35,44,2,39,16,49,34,5,30,34,42,8,23,36,39,30,13,26,55,10,6,58,65,42,19,41,43,23,26,3
2020,Latin America and Caribbean,Colombia,50 to 55%,Male,88,6.69,49,7.63,43,34,64,57,58,27,5.38,41,45,82,18,17,72,60,30,46,37,8.65,60,56,37,12,40,8,26,38,10,11,2,89,57,3.41,54,1.84,5.25,25,5.83,47,5,40,30,66,41,8,18,29,35,12,21,28,39,30,15,23,52,11,6,53,55,40,20,48,33,25,31,2
2020,Latin America and Caribbean,Costa Rica,55 to 60%,Female,91,6.51,40,7.25,55,30,44,43,39,14,5.54,58,58,28,26,26,72,67,23,51,61,15.12,55,88,37,7,69,7,42,49,9,3,3,84,45,6.03,56,3.38,9.41,21,6.31,51,3,58,26,54,46,15,15,16,30,50,5,15,29,38,24,10,22,42,12,6,60,69,50,27,46,43,19,28
2020,Latin America and Caribbean,Costa Rica,55 to 60%,Male,91,7.00,58,8.35,45,45,45,69,65,20,5.47,42,42,35,17,18,65,57,28,49,39,8.54,57,65,42,18,50,11,36,50,12,5,2,85,55,3.60,44,1.58,5.18,18,5.52,55,6,55,43,70,54,23,23,11,29,39,7,18,24,39,25,10,21,41,13,6,58,62,43,25,61,35,23,28
2020,Latin America and Caribbean,Dominican Republic,55 to 60%,Female,88,6.80,45,7.25,57,34,43,51,49,24,6.03,56,58,23,31,26,78,80,77,50,63,13.50,59,85,44,21,65,5,18,48,9,2,1,76,43,5.38,64,3.44,8.82,46,6.57,51,4,45,27,50,31,10,23,50,48,9,24,37,33,37,15,28,57,7,6,56,66,37,28,37,43,24,22,3
2020,Latin America and Caribbean,Dominican Republic,55 to 60%,Male,82,6.32,63,8.15,43,47,45,65,67,30,5.60,44,42,29,24,29,71,73,72,50,37,7.98,58,52,50,38,35,12,19,47,13,4,2,88,57,3.57,53,1.89,5.46,45,6.43,61,8,45,51,62,36,15,10,41,38,10,26,30,36,30,18,27,51,9,7,56,64,37,30,46,37,28,32,2
2020,Latin America and Caribbean,Ecuador,40 to 45%,Female,92,6.66,59,6.60,51,18,60,35,63,23,5.92,45,53,15,19,19,85,74,29,50,54,12.53,57,76,24,6,55,3,23,24,10,5,2,89,43,5.19,51,2.65,7.84,34,6.78,42,2,51,19,41,39,11,26,40,42,6,29,33,35,46,21,28,52,7,5,54,61,44,26,37,43,26,21,2
2020,Latin America and Caribbean,Ecuador,40 to 45%,Male,90,6.74,46,7.92,49,36,60,53,46,37,5.83,55,47,21,16,18,77,66,26,50,46,8.41,60,61,36,14,37,13,27,28,16,6,2,93,57,3.75,49,1.84,5.59,30,6.11,44,5,51,25,57,44,16,18,33,38,9,32,25,40,48,24,25,49,7,6,52,57,38,29,49,37,28,24,2
2020,Latin America and Caribbean,El Salvador,25 to 30%,Female,92,6.63,46,6.92,53,23,59,46,49,19,5.67,50,51,25,24,20,79,74,22,50,58,12.65,58,84,40,12,65,4,32,42,9,2,1,83,46,5.43,61,3.31,8.74,29,6.25,48,1,56,21,55,30,8,21,42,40,6,32,34,36,65,18,29,57,4,6,60,70,34,23,38,46,23,17,3
2020,Latin America and Caribbean,El Salvador,25 to 30%,Male,91,6.95,58,8.01,47,44,58,64,61,25,5.79,50,49,31,16,19,73,65,23,50,42,9.14,62,60,41,23,41,13,33,45,12,6,2,93,54,3.91,51,1.99,5.90,28,6.07,51,4,56,38,75,42,14,10,34,37,6,35,31,35,56,21,28,51,7,5,59,64,36,31,47,41,26,21,2
2020,Latin America and Caribbean,Guatemala,60 to 65%,Female,94,6.39,49,7.08,49,17,49,37,40,26,6.38,49,49,18,19,18,78,71,28,45,56,12.58,59,82,33,9,61,4,33,32,10,3,2,78,27,5.24,60,3.14,8.38,31,6.67,38,2,55,29,55,39,13,20,36,50,6,21,25,40,60,14,27,41,7,6,58,63,45,27,43,41,21,20,2
2020,Latin America and Caribbean,Guatemala,60 to 65%,Male,91,6.59,62,8.25,51,36,46,62,67,36,6.06,51,51,82,15,18,72,64,23,55,44,9.11,60,51,32,18,27,12,28,37,15,7,2,88,73,3.54,52,1.84,5.38,34,6.47,48,3,54,44,69,40,24,13,32,45,9,24,25,39,54,19,25,41,7,7,53,57,40,28,49,35,25,25,2
2020,Latin America and Caribbean,Haiti,10 to 15%,Female,88,5.35,52,7.35,37,20,70,44,55,49,6.00,34,34,29,38,31,85,49,46,37,39,8.67,45,47,23,10,52,2,8,15,6,9,3,88,28,4.43,57,2.53,6.96,70,6.20,45,4,16,10,53,27,11,29,49,56,13,14,11,16,13,11,17,13,15,5,32,26,34,22,40,18,14,27,1
2020,Latin America and Caribbean,Haiti,10 to 15%,Male,82,4.78,57,7.38,63,29,68,60,59,59,5.96,66,66,37,33,37,81,50,42,63,62,6.97,41,53,18,24,22,10,12,22,15,15,3,86,72,3.36,43,1.44,4.80,68,6.66,55,11,21,28,60,36,17,15,53,56,18,25,15,24,21,18,18,19,11,9,32,30,33,28,36,24,16,31,2
2020,Latin America and Caribbean,Honduras,35 to 40%,Female,92,6.36,44,7.45,52,21,50,37,40,33,6.19,51,53,85,27,23,78,75,70,43,56,12.72,48,75,28,10,59,4,25,27,9,6,3,80,40,5.89,50,2.95,8.84,52,6.82,39,3,49,19,44,26,13,28,47,47,9,26,28,36,59,20,29,41,6,6,56,66,47,23,39,40,24,24,98
2020,Latin America and Caribbean,Honduras,35 to 40%,Male,88,6.64,60,7.83,48,33,48,54,59,40,6.16,49,47,73,19,22,76,65,73,57,44,8.85,50,44,36,22,26,18,28,37,13,6,3,83,60,4.02,45,1.81,5.83,48,6.63,45,4,51,37,62,29,21,15,35,43,11,32,28,39,54,24,27,41,9,9,54,60,47,26,46,37,24,28,2
2020,Latin America and Caribbean,Jamaica,55 to 60%,Female,90,6.91,60,8.19,66,46,28,58,52,22,5.59,66,68,47,37,40,72,71,21,66,71,9.35,58,82,65,22,67,9,16,56,14,3,2,83,61,4.40,57,2.51,6.91,64,6.73,55,5,71,17,83,31,13,9,48,43,3,12,25,32,8,4,12,18,20,5,53,51,36,17,35,18,28,25,3
2020,Latin America and Caribbean,Jamaica,50 to 55%,Male,89,6.66,76,8.61,34,60,39,74,71,37,5.50,34,32,59,40,39,65,63,21,34,29,6.99,52,60,53,26,51,14,20,54,16,5,2,81,39,3.33,50,1.67,5.00,57,6.64,61,11,67,32,87,43,22,5,41,26,2,9,20,33,12,4,11,18,25,8,50,45,38,20,43,19,33,28,3
2020,Latin America and Caribbean,Mexico,50 to 55%,Female,93,6.24,48,7.39,54,21,67,41,46,18,5.89,56,51,31,20,18,30,68,26,51,61,12.82,55,85,37,14,60,2,34,40,10,5,1,82,46,4.72,56,2.64,7.36,20,6.64,49,3,51,32,57,43,12,17,36,57,5,24,31,36,23,12,26,54,8,4,59,63,43,27,42,44,18,22,2
2020,Latin America and Caribbean,Mexico,50 to 55%,Male,90,6.78,60,8.27,46,41,69,63,69,27,6.19,44,49,35,14,14,39,60,29,49,39,8.00,55,62,36,24,38,7,32,41,17,7,2,89,54,3.45,48,1.66,5.11,22,5.92,49,7,62,42,71,49,18,9,30,46,6,24,25,37,22,13,28,50,12,6,54,53,39,27,50,37,18,23,2
2020,Latin America and Caribbean,Nicaragua,25 to 30%,Female,92,6.69,48,7.28,53,22,69,43,44,22,5.96,53,52,72,26,24,77,76,63,47,59,12.14,50,77,33,8,58,3,28,37,10,4,2,84,42,5.46,50,2.73,8.19,30,6.49,47,2,59,23,54,34,20,18,41,48,6,25,22,30,21,16,25,39,12,6,55,64,40,31,36,40,19,20,2
2020,Latin America and Caribbean,Nicaragua,25 to 30%,Male,89,6.85,62,8.30,47,37,68,59,64,30,5.81,47,48,71,15,16,72,66,65,53,41,8.04,50,55,34,16,33,10,26,35,13,7,2,92,58,3.61,42,1.52,5.13,34,6.25,52,3,54,35,66,37,27,12,34,57,7,26,19,32,19,16,22,34,15,6,52,56,34,31,44,36,20,24,2
2020,Latin America and Caribbean,Panama,40 to 45%,Female,91,7.24,37,6.70,54,35,50,54,46,20,5.11,55,56,26,30,30,74,77,72,53,62,13.48,54,82,41,9,67,7,33,49,11,5,2,79,46,5.32,59,3.14,8.46,33,6.05,54,3,68,26,54,41,17,14,31,41,9,25,32,42,29,17,33,51,6,8,62,73,40,27,48,46,22,21,3
2020,Latin America and Caribbean,Panama,40 to 45%,Male,89,6.96,54,7.65,46,56,49,73,71,30,5.44,45,44,34,24,28,75,66,74,47,38,9.75,53,62,44,18,47,19,30,47,13,6,3,88,54,4.25,52,2.21,6.46,30,5.80,61,9,61,36,66,42,24,12,30,34,14,26,27,48,26,18,28,54,8,7,61,67,40,30,57,38,26,26,2
2020,Latin America and Caribbean,Paraguay,50 to 55%,Female,92,6.37,48,7.15,56,27,73,48,52,21,5.98,59,57,24,27,25,70,75,29,52,59,13.00,49,76,34,11,55,6,34,39,14,4,2,88,43,5.36,48,2.57,7.93,38,6.73,57,1,61,42,46,32,23,17,43,46,4,17,33,38,22,21,25,41,10,6,49,52,37,20,39,36,33,15,1
2020,Latin America and Caribbean,Paraguay,50 to 55%,Male,88,6.21,62,8.68,44,46,69,67,68,29,5.50,41,43,30,24,28,67,68,35,48,41,8.85,49,48,41,17,35,13,29,44,15,6,3,91,57,3.29,44,1.45,4.74,43,6.30,61,7,57,57,58,36,28,13,34,38,9,14,23,37,23,17,20,41,9,7,47,45,31,24,47,29,35,22,2
2020,Latin America and Caribbean,Peru,40 to 45%,Female,93,6.38,37,6.83,49,20,61,38,42,20,6.07,47,49,21,18,18,73,71,31,40,51,12.35,61,77,30,5,56,3,22,32,10,6,3,84,37,5.26,60,3.16,8.42,27,6.40,41,2,51,13,41,37,12,27,38,40,10,27,31,40,37,25,29,53,6,7,48,55,38,24,40,48,31,21,3
2020,Latin America and Caribbean,Peru,45 to 50%,Male,89,6.64,51,7.90,51,37,63,57,65,33,5.91,53,51,26,17,19,73,69,30,60,49,8.05,62,59,34,10,36,8,24,28,15,10,4,90,63,3.62,58,2.10,5.72,23,5.77,44,6,48,20,54,41,15,20,32,35,15,30,28,40,38,30,30,53,6,7,47,52,45,27,49,39,31,25,3
2020,Latin America and Caribbean,Puerto Rico,60 to 65%,Female,92,6.98,37,7.83,66,46,33,67,61,14,4.66,72,67,50,43,44,50,60,24,57,73,12.60,50,89,53,37,70,6,42,65,7,3,2,7,59,5.00,63,3.15,8.15,28,5.49,53,12,66,70,70,53,14,7,25,39,2,28,49,23,12,8,30,57,10,8,50,60,44,34,38,53,11,19,5
2020,Latin America and Caribbean,Puerto Rico,60 to 65%,Male,91,7.02,47,8.57,34,60,37,82,76,19,4.67,28,33,55,25,31,44,50,28,43,27,9.41,51,66,51,45,46,12,39,61,8,7,2,82,41,3.91,54,2.11,6.02,25,5.37,62,17,63,77,76,57,16,4,28,27,5,28,45,23,13,11,30,57,13,6,49,55,41,35,38,48,13,26,3
2020,Latin America and Caribbean,Uruguay,65 to 70%,Female,90,6.37,47,8.16,65,41,77,58,49,13,5.07,66,64,51,36,35,43,37,31,63,74,14.05,43,85,39,13,65,4,50,57,9,4,3,79,59,5.11,41,2.10,7.21,22,5.66,59,8,66,44,46,47,15,13,31,42,4,14,43,21,17,12,19,39,14,6,50,46,32,21,35,38,17,15,3
2020,Latin America and Caribbean,Uruguay,65 to 70%,Male,92,6.85,59,8.70,35,54,79,76,68,19,5.23,34,36,50,19,19,47,46,26,37,26,11.02,41,64,46,26,53,7,40,61,12,5,2,84,41,3.87,30,1.16,5.03,21,4.86,62,13,62,58,56,48,17,10,29,30,5,12,31,27,11,10,17,34,20,7,46,38,25,21,44,24,18,20,3
2020,East Asia & Pacific,Australia,70 to 75%,Female,92,7.02,56,9.12,55,43,58,59,52,8,4.56,58,56,78,30,33,25,43,21,70,65,8.01,37,86,74,22,79,2,42,67,10,5,3,83,60,3.00,40,1.20,4.20,27,5.45,62,10,43,70,87,76,18,5,18,31,4,26,32,14,13,5,18,34,23,7,32,33,38,26,33,24,19,31,7
2020,East Asia & Pacific,Australia,75 to 80%,Male,90,7.70,60,8.45,45,56,62,72,75,19,4.95,42,44,72,28,32,26,34,29,30,35,6.38,38,65,54,27,57,7,30,58,17,8,3,79,40,2.33,28,0.65,2.98,27,5.35,62,15,44,70,90,76,24,5,17,22,3,20,25,15,13,9,18,36,28,5,31,25,37,29,38,20,17,30,4
2020,East Asia & Pacific,Cambodia,40 to 45%,Female,94,6.74,63,7.97,38,8,40,39,54,44,5.60,42,41,36,16,19,59,63,32,26,44,6.22,52,54,22,5,40,12,13,18,22,10,4,89,28,3.77,54,2.04,5.81,46,6.49,47,4,34,43,78,33,25,8,43,59,5,15,6,34,19,5,14,12,12,13,22,20,30,14,40,17,24,32,7
2020,East Asia & Pacific,Cambodia,45 to 50%,Male,93,7.00,74,8.41,62,27,44,69,71,52,5.40,58,59,33,31,32,56,65,22,74,56,6.29,41,33,14,5,25,15,13,19,24,14,3,93,72,3.66,46,1.68,5.34,61,6.58,60,9,28,48,74,35,30,8,47,39,10,17,8,41,19,5,17,11,15,11,21,20,22,19,36,14,27,34,4
2020,East Asia & Pacific,Indonesia,35 to 40%,Female,84,6.78,65,6.45,44,6,38,42,44,66,7.25,47,38,19,15,17,63,59,19,41,44,11.34,43,60,31,7,45,4,3,16,17,6,3,84,35,5.61,36,2.02,7.63,65,7.02,59,1,34,50,46,18,17,22,34,53,3,10,11,33,19,5,18,17,11,7,19,21,29,9,29,13,28,27,3
2020,East Asia & Pacific,Indonesia,35 to 40%,Male,76,6.11,78,7.75,56,44,35,53,70,64,6.82,53,62,19,23,27,68,55,22,59,56,8.16,39,31,18,9,12,11,8,17,18,12,3,89,65,2.70,38,1.03,3.73,71,7.17,55,4,30,54,49,14,20,16,30,29,3,8,9,44,18,5,14,18,16,9,13,16,23,6,37,9,28,24,3
2020,East Asia & Pacific,Japan,80 to 85%,Female,84,5.87,65,7.56,42,28,48,49,54,19,5.71,46,40,50,29,35,21,48,29,49,49,8.39,47,82,68,4,77,4,26,51,20,8,2,75,43,3.69,37,1.37,5.06,29,5.35,67,15,36,51,88,53,19,5,32,17,3,55,8,10,7,4,12,30,18,9,32,33,26,33,42,30,11,14,5
2020,East Asia & Pacific,Japan,85 to 90%,Male,80,5.56,62,8.02,58,74,46,86,84,23,4.77,54,60,60,45,45,19,38,45,51,51,3.53,48,51,39,5,40,7,15,35,19,20,2,73,57,1.92,29,0.56,2.48,30,5.07,63,22,57,69,88,69,38,3,25,12,2,44,8,7,7,3,5,27,30,8,29,21,17,35,39,19,11,11,4
2020,East Asia & Pacific,Laos,15 to 20%,Female,93,7.39,77,7.52,38,9,45,40,49,49,5.42,45,33,38,26,26,68,57,36,27,40,10.07,44,39,19,5,23,11,16,14,15,12,6,89,26,4.98,44,2.19,7.17,50,6.04,46,11,19,35,61,21,19,18,38,42,5,18,10,9,14,6,14,25,20,17,29,29,28,13,33,16,14,17,3
2020,East Asia & Pacific,Laos,15 to 20%,Male,91,7.05,81,7.89,62,29,40,64,66,54,5.86,55,67,43,34,33,58,54,34,73,60,7.78,41,27,16,6,19,19,19,9,22,16,5,91,74,4.70,40,1.88,6.58,64,6.10,56,10,34,51,64,37,37,17,35,24,8,17,8,18,15,6,16,29,27,14,27,19,29,15,30,20,17,19,4
2020,East Asia & Pacific,Malaysia,65 to 70%,Female,90,6.86,58,7.16,46,12,60,48,52,57,7.15,53,46,28,24,25,57,56,25,45,48,11.45,51,31,45,6,63,6,17,34,15,7,2,90,44,4.88,48,2.34,7.22,54,7.20,63,4,40,53,84,43,13,6,27,30,4,13,17,19,18,5,18,26,28,9,38,41,38,25,35,25,29,31,3
2020,East Asia & Pacific,Malaysia,65 to 70%,Male,79,6.22,64,8.24,54,46,55,69,75,63,6.89,47,54,38,26,30,54,57,29,55,52,7.40,49,69,40,12,30,12,15,33,19,9,3,89,56,3.60,45,1.62,5.22,64,6.80,64,7,42,60,79,41,20,8,27,22,5,11,18,25,19,6,19,28,27,11,34,34,38,21,40,22,29,33,2
2020,East Asia & Pacific,Mongolia,45 to 50%,Female,93,6.24,37,8.48,59,10,69,33,46,35,4.77,59,64,55,19,28,46,67,15,52,69,9.37,55,75,43,20,63,3,7,19,14,4,4,87,51,4.95,53,2.62,7.57,60,5.93,45,5,31,22,87,33,18,6,26,47,3,15,19,22,7,6,6,17,23,9,36,29,21,21,35,18,29,28,3
2020,East Asia & Pacific,Mongolia,45 to 50%,Male,92,5.41,52,9.21,41,42,70,49,64,54,4.40,41,36,45,27,27,43,60,28,48,31,6.42,45,47,32,28,40,6,8,18,20,10,1,89,49,3.83,44,1.69,5.52,64,5.33,52,6,44,44,80,41,23,5,22,34,5,16,8,19,8,5,7,18,34,9,33,27,17,31,33,15,25,19,1
2020,East Asia & Pacific,Myanmar,5% or less,Female,89,6.37,57,6.61,40,10,68,33,51,59,6.33,35,38,32,32,26,53,60,65,33,37,8.31,46,39,26,14,36,2,10,14,28,8,2,95,17,4.38,39,1.71,6.09,65,6.68,42,4,27,28,80,26,16,8,45,34,4,9,7,31,18,3,7,11,22,10,18,18,27,13,35,14,11,20,4
2020,East Asia & Pacific,Myanmar,5% or less,Male,86,5.75,67,7.69,60,32,65,57,68,70,6.06,65,62,25,37,40,55,59,68,67,63,7.01,50,20,20,16,16,10,10,18,33,12,4,94,83,3.41,43,1.47,4.88,68,6.05,51,8,27,38,76,27,22,7,44,25,5,8,8,32,17,5,7,13,27,14,18,17,26,9,38,14,12,21,4
2020,East Asia & Pacific,Philippines,60 to 65%,Female,87,7.54,48,7.24,63,9,49,32,41,40,6.79,65,62,17,19,23,81,60,52,70,68,11.62,56,72,29,11,50,6,18,27,14,7,2,93,62,4.90,55,2.70,7.60,75,7.79,53,2,32,23,70,19,12,18,46,50,4,30,22,33,49,18,25,33,10,7,53,60,44,34,31,39,24,40,2
2020,East Asia & Pacific,Philippines,60 to 65%,Male,86,7.36,53,7.46,37,25,51,48,60,49,6.48,35,38,21,24,22,77,50,58,30,32,9.57,50,51,24,17,41,11,23,27,19,11,4,93,38,4.78,50,2.39,7.17,73,7.49,47,6,33,32,70,23,18,17,47,38,8,23,18,37,45,15,24,33,15,6,50,53,38,33,36,36,25,37,3
2020,East Asia & Pacific,Taiwan,80 to 85%,Female,95,6.89,49,7.96,49,18,65,59,62,30,5.78,52,50,44,25,2,26,53,56,48,49,8.17,19,69,47,10,42,2,19,38,12,11,3,84,43,3.20,17,0.54,3.74,32,6.19,62,7,40,58,86,52,14,5,20,10,2,10,11,11,8,2,5,11,54,7,21,14,15,13,27,13,12,23,3
2020,East Asia & Pacific,Taiwan,80 to 85%,Male,90,7.05,59,8.29,51,55,64,79,82,41,5.83,48,50,49,29,32,26,55,57,52,51,5.07,23,51,49,17,30,8,16,38,13,14,2,87,57,2.44,16,0.39,2.83,40,5.96,59,9,49,66,87,62,24,4,16,9,2,12,13,12,8,1,6,17,48,7,22,12,13,12,29,12,12,20,3
2020,East Asia & Pacific,Thailand,45 to 50%,Female,93,7.14,71,7.27,49,23,29,55,65,52,5.83,51,49,52,41,41,67,68,24,55,56,9.56,51,73,47,6,32,19,23,25,17,5,3,85,45,4.43,48,2.13,6.56,52,6.00,66,6,29,52,61,26,20,15,39,28,5,29,23,18,20,8,20,16,21,9,50,32,31,19,40,27,32,22,3
2020,East Asia & Pacific,Thailand,45 to 50%,Male,89,6.89,79,7.80,51,45,34,72,72,52,5.80,49,51,48,33,36,55,54,25,45,44,7.75,43,42,33,9,16,23,20,22,19,13,5,89,55,4.05,36,1.46,5.51,55,5.57,67,11,34,64,65,30,28,11,33,20,6,25,21,18,22,6,26,17,24,9,45,30,26,18,40,22,29,23,3
2020,South Asia,Afghanistan,15 to 20%,Female,93,5.02,40,7.24,45,7,83,24,36,35,7.23,54,41,27,12,11,44,63,35,47,44,8.34,51,65,25,7,51,5,9,17,21,5,2,91,40,5.23,51,2.67,7.90,61,7.00,35,2,19,11,70,15,7,22,53,40,7,21,13,28,21,14,15,46,14,7,31,27,46,18,34,19,14,39,4
2020,South Asia,Afghanistan,15 to 20%,Male,81,4.65,60,7.87,55,32,74,62,58,62,6.96,46,59,36,26,31,54,68,43,53,56,6.37,49,22,48,21,22,14,11,34,34,12,5,92,60,3.94,53,2.09,6.03,82,7.25,48,5,31,29,76,25,15,12,62,37,12,27,17,36,24,17,20,41,12,8,38,33,39,19,35,26,17,31,3
2020,South Asia,Bangladesh,10 to 15%,Female,90,6.21,27,5.28,31,7,65,12,20,43,6.59,32,28,12,16,9,43,52,55,24,33,8.28,57,54,24,12,50,9,7,22,11,12,3,94,13,5.41,60,3.25,8.66,77,7.94,37,5,9,4,55,20,5,41,32,36,6,12,17,11,22,17,20,19,31,7,26,25,46,21,33,27,11,25,5
2020,South Asia,Bangladesh,10 to 15%,Male,78,6.48,46,7.38,69,18,54,37,44,56,6.75,68,72,16,18,17,51,55,55,76,67,5.44,53,34,37,17,19,16,11,32,21,16,3,94,87,4.03,52,2.10,6.13,82,7.17,33,8,11,10,64,32,10,28,34,37,7,18,19,22,24,18,20,21,21,11,30,31,39,24,39,27,15,31,2
2020,South Asia,Bhutan,35 to 40%,Female,94,7.36,44,7.52,49,9,42,38,45,28,5.80,44,47,19,17,19,34,53,50,39,48,7.85,61,71,43,17,61,14,14,30,11,5,2,93,41,4.83,55,2.66,7.49,51,6.49,41,3,23,15,70,29,17,18,24,46,7,6,16,23,18,7,11,12,22,9,26,30,39,22,35,25,14,37,4
2020,South Asia,Bhutan,35 to 40%,Male,89,7.68,56,7.62,51,23,40,50,47,45,6.03,56,53,24,19,18,38,60,38,61,52,6.06,64,51,47,25,46,21,19,39,24,9,1,92,59,4.37,55,2.40,6.77,54,6.59,54,6,18,31,77,36,23,13,35,44,13,10,18,21,22,6,15,15,22,10,24,31,30,25,37,27,20,38,3
2020,South Asia,India,45 to 50%,Female,90,5.70,33,5.86,49,10,63,24,35,32,6.04,54,48,22,10,11,32,60,50,48,51,9.70,58,61,36,13,57,5,10,28,12,8,3,92,46,5.64,58,3.27,8.91,63,7.39,53,3,31,30,74,30,13,17,22,32,7,14,20,19,30,13,20,15,23,10,28,31,37,23,42,30,16,36,4
2020,South Asia,India,45 to 50%,Male,87,6.19,53,7.39,51,27,44,55,64,53,6.62,46,52,31,23,28,46,60,45,52,49,6.66,53,29,42,21,23,18,15,38,19,9,4,92,54,4.14,52,2.15,6.29,73,7.06,52,5,34,43,74,30,25,13,29,23,8,13,15,30,28,13,18,15,21,11,29,28,30,17,45,21,24,35,4
2020,South Asia,Nepal,60 to 65%,Female,92,6.37,47,5.81,35,8,57,17,35,28,5.60,33,34,10,9,11,40,52,54,20,33,7.30,46,63,33,20,61,12,18,16,19,5,2,93,18,4.56,51,2.33,6.89,51,7.20,36,3,17,15,58,25,13,31,22,49,8,20,18,18,34,14,15,13,16,5,24,31,38,26,34,27,17,34,3
2020,South Asia,Nepal,60 to 65%,Male,91,6.58,58,6.81,65,18,49,41,50,43,6.01,67,66,19,14,17,36,60,65,80,67,6.52,51,40,37,24,39,23,21,34,28,7,4,95,82,4.14,57,2.36,6.50,67,7.16,36,4,22,26,65,37,20,21,29,47,10,17,14,27,40,15,15,14,15,9,28,25,38,22,40,26,25,32,3
2020,South Asia,Pakistan,5 to 10%,Female,83,5.00,32,5.75,52,7,78,20,31,54,6.56,60,52,20,10,11,36,53,52,45,50,9.80,55,58,25,7,54,2,4,14,7,6,2,86,35,5.74,52,2.98,8.72,80,7.91,38,3,22,16,73,34,7,14,28,42,5,13,17,19,22,11,16,19,18,7,23,20,34,14,29,21,6,34,3
2020,South Asia,Pakistan,10 to 15%,Male,76,5.11,55,7.69,48,29,61,49,59,66,7.33,40,48,35,23,27,48,61,50,55,50,6.99,53,16,39,20,17,9,14,32,17,12,5,90,65,5.09,45,2.29,7.38,85,7.43,47,6,27,38,68,39,19,14,32,39,6,14,16,28,25,11,16,22,16,9,25,22,29,17,32,16,16,28,2
2020,Middle East and North Africa,Algeria,35 to 40%,Female,80,4.33,27,5.47,50,4,64,15,25,56,5.94,54,51,17,11,10,48,50,41,49,53,8.78,65,79,26,5,63,2,9,14,10,4,9,87,37,5.12,62,3.17,8.29,59,6.77,40,1,26,11,74,36,6,14,50,45,11,17,16,13,37,10,16,38,16,6,23,22,43,14,26,16,8,33,2
2020,Middle East and North Africa,Algeria,40 to 45%,Male,49,3.57,54,7.62,50,31,57,55,69,67,6.12,46,49,33,38,41,47,49,28,51,47,6.77,57,22,49,19,14,4,16,34,18,14,3,79,63,3.07,42,1.29,4.36,84,7.06,46,5,35,25,75,35,14,10,36,28,17,17,12,27,28,10,14,34,19,7,29,24,32,13,31,15,16,25,3
2020,Middle East and North Africa,Bahrain,95 to 100%,Female,88,6.27,47,8.24,50,21,73,47,57,47,6.23,59,52,38,31,28,47,60,43,57,51,9.47,54,70,45,15,61,4,12,38,14,4,3,81,43,5.32,50,2.66,7.98,68,7.08,62,7,32,40,79,44,18,10,37,33,8,13,13,23,14,8,21,23,27,9,40,34,42,25,39,24,22,35,2
2020,Middle East and North Africa,Bahrain,95 to 100%,Male,80,6.02,58,9.02,50,47,60,79,85,63,6.04,41,48,42,30,38,45,59,40,43,49,5.81,50,37,47,29,30,11,10,49,20,11,3,90,57,3.50,43,1.51,5.01,74,6.94,64,8,35,46,83,42,25,8,27,17,6,9,12,23,17,8,16,19,30,11,34,27,28,19,43,21,30,24,2
2020,Middle East and North Africa,Egypt,45 to 50%,Female,91,4.59,24,7.84,37,6,68,14,28,63,6.78,35,35,25,16,18,38,54,28,43,46,10.55,60,77,38,7,59,0,9,19,7,7,1,83,23,5.08,56,2.84,7.92,60,6.71,46,3,44,12,82,44,9,8,53,44,5,23,17,21,22,15,15,26,20,9,32,26,43,15,25,33,13,33,2
2020,Middle East and North Africa,Egypt,55 to 60%,Male,69,4.44,44,8.95,63,46,56,62,73,75,6.75,65,65,45,41,46,45,59,24,57,54,6.34,59,23,41,17,21,4,8,38,20,16,3,84,77,3.09,47,1.45,4.54,86,6.96,58,4,50,26,80,43,15,7,36,29,5,23,15,27,21,13,14,21,25,8,35,26,32,12,35,24,23,22,3
2020,Middle East and North Africa,Iraq,45 to 50%,Female,94,3.77,76,6.11,52,7,83,18,32,51,5.94,57,51,25,15,16,45,60,29,59,61,10.56,60,75,28,9,60,2,7,18,11,5,2,82,44,5.80,54,3.13,8.93,53,6.43,53,1,29,14,83,29,7,9,61,28,6,26,18,15,21,18,16,32,22,9,36,29,41,12,29,24,16,30,3
2020,Middle East and North Africa,Iraq,45 to 50%,Male,81,4.12,49,8.19,48,52,71,65,71,65,6.04,43,49,46,40,46,49,63,22,41,39,7.33,59,14,52,35,12,4,8,40,20,10,3,81,56,3.44,54,1.86,5.30,78,6.53,61,2,37,35,81,31,13,9,54,24,10,31,14,21,24,18,15,32,18,9,38,32,39,12,36,26,22,28,2
2020,Middle East and North Africa,Israel,70 to 75%,Female,93,6.68,51,7.96,54,40,72,54,56,25,4.98,47,54,84,32,34,32,44,67,56,65,8.23,43,80,61,9,73,2,24,50,8,6,3,79,49,3.40,32,1.09,4.49,40,5.44,65,14,47,40,84,71,8,4,20,24,7,7,22,23,30,10,26,37,20,6,37,19,48,18,31,18,18,25,7
2020,Middle East and North Africa,Israel,75 to 80%,Male,89,6.62,61,8.90,46,53,68,77,72,33,5.25,53,46,83,22,26,23,43,62,44,35,5.99,43,58,61,18,40,6,21,53,14,6,4,86,51,2.25,28,0.63,2.88,50,5.46,75,12,51,61,85,76,15,3,18,22,7,10,21,18,27,8,19,33,26,9,36,15,39,18,33,15,21,24,6
2020,Middle East and North Africa,Jordan,85 to 90%,Female,89,4.84,26,6.40,46,7,72,14,25,54,6.09,51,48,20,15,14,53,55,30,52,53,10.00,69,76,34,7,53,1,7,20,10,8,3,78,30,4.74,69,3.27,8.01,57,6.82,49,2,32,18,85,31,6,11,45,27,3,19,14,21,32,14,17,30,23,8,40,37,40,12,25,18,22,33,4
2020,Middle East and North Africa,Jordan,85 to 90%,Male,71,4.50,47,8.60,54,47,63,65,74,63,6.23,49,52,40,40,46,63,59,70,48,47,6.55,68,23,58,40,19,4,8,49,17,13,3,80,70,2.71,55,1.49,4.20,81,6.62,51,4,35,31,83,31,10,9,40,19,7,20,18,33,32,12,16,30,18,9,48,38,40,12,37,18,36,28,2
2020,Middle East and North Africa,Kuwait,75 to 80%,Female,89,6.48,48,9.77,31,20,70,59,71,50,6.75,36,30,31,36,32,58,62,45,33,35,11.06,51,66,32,6,52,3,6,28,9,7,4,85,22,7.13,58,4.14,11.27,70,7.00,61,4,38,35,75,33,18,12,44,33,7,19,16,26,27,13,21,33,23,6,41,41,45,21,36,28,21,37,2
2020,Middle East and North Africa,Kuwait,75 to 80%,Male,75,5.38,55,8.44,69,55,66,78,88,68,6.68,64,70,48,45,46,43,62,29,67,65,6.11,50,27,43,16,24,6,6,35,21,15,4,83,78,3.05,48,1.46,4.51,86,7.04,71,8,40,37,77,36,22,10,33,22,10,20,16,35,32,14,18,32,18,9,39,30,34,12,42,21,25,28,1
2020,Middle East and North Africa,Lebanon,75 to 80%,Female,92,5.18,36,7.35,54,11,58,32,38,36,6.61,58,50,35,18,17,62,52,29,47,57,8.50,59,67,45,11,55,3,11,29,11,11,2,81,40,4.43,59,2.61,7.04,53,6.80,52,3,39,42,86,50,13,7,41,44,9,15,14,23,25,7,17,41,17,7,47,43,44,18,42,31,20,40,2
2020,Middle East and North Africa,Lebanon,75 to 80%,Male,83,5.28,53,8.10,46,46,58,68,71,49,5.98,42,50,49,33,34,53,59,23,53,43,5.13,53,30,54,43,26,14,15,52,28,11,2,86,60,2.72,55,1.50,4.22,65,7.02,58,6,54,63,89,61,27,4,43,30,7,16,12,28,20,7,14,29,25,8,47,45,38,15,52,26,24,33,2
2020,Middle East and North Africa,Libya,20 to 25%,Female,88,4.18,34,4.93,42,4,70,17,34,58,5.55,50,43,26,17,13,45,54,34,54,56,10.33,53,72,24,7,57,1,8,13,14,6,3,82,35,5.04,56,2.82,7.86,59,6.37,47,1,38,21,80,30,16,7,53,42,4,14,9,15,7,8,8,26,27,10,23,22,34,7,26,18,5,26,2
2020,Middle East and North Africa,Libya,20 to 25%,Male,61,3.57,67,7.63,58,39,66,64,81,74,6.17,50,57,40,48,52,45,49,15,46,44,6.48,56,17,48,42,11,3,10,30,21,12,2,81,65,3.09,47,1.45,4.54,79,6.61,53,6,53,54,76,36,31,7,45,29,9,17,10,15,11,10,13,26,26,10,28,23,28,10,26,17,8,20,2
2020,Middle East and North Africa,Morocco,55 to 60%,Female,88,4.56,27,5.91,48,5,69,14,25,45,5.94,51,47,14,12,13,50,51,33,39,50,9.15,63,77,26,5,54,1,8,13,6,4,1,86,28,4.76,59,2.81,7.57,40,6.05,31,3,23,6,77,20,2,18,55,39,12,11,10,20,21,10,12,34,15,8,31,26,42,8,22,13,9,26,2
2020,Middle East and North Africa,Morocco,55 to 60%,Male,68,4.08,52,8.01,52,22,59,38,56,59,5.73,49,53,86,28,31,56,51,28,61,50,5.91,56,30,44,13,22,3,13,32,17,13,3,82,72,3.30,47,1.55,4.85,71,6.67,36,7,26,14,81,25,8,12,49,29,19,16,10,33,27,12,14,36,14,8,35,30,33,10,32,16,16,25,3
2020,Middle East and North Africa,Oman,95 to 100%,Female,91,6.28,55,8.48,48,19,72,47,59,50,6.22,66,45,35,32,32,46,59,40,58,58,10.60,56,70,40,9,58,3,10,26,11,6,3,87,53,5.93,51,3.02,8.95,65,6.84,63,5,31,31,78,38,17,11,43,36,6,16,17,21,23,11,21,29,23,7,36,32,45,22,36,27,19,34,3
2020,Middle East and North Africa,Oman,70 to 75%,Male,76,5.74,45,8.96,52,44,54,74,84,61,6.58,34,55,45,32,41,41,56,34,42,43,6.25,47,28,37,18,26,11,6,36,17,13,3,86,47,4.13,51,2.11,6.24,74,6.98,68,9,36,45,76,45,28,13,29,17,10,10,11,22,17,11,14,21,29,9,32,21,30,12,38,18,23,27,3
2020,Middle East and North Africa,Palestine,60 to 65%,Female,92,4.43,22,6.26,45,5,56,15,28,54,6.76,56,41,23,11,12,60,58,17,51,54,11.58,64,84,33,6,59,3,5,17,11,6,2,79,30,5.33,61,3.25,8.58,55,6.90,57,2,49,17,82,33,11,10,51,38,3,21,20,21,31,13,18,32,20,8,48,40,49,15,32,29,20,38,2
2020,Middle East and North Africa,Palestine,60 to 65%,Male,74,4.59,50,8.92,55,49,52,65,73,67,6.24,44,59,40,36,43,64,64,14,49,46,6.87,60,21,56,32,16,4,7,47,25,13,3,82,70,3.20,56,1.79,4.99,78,7.27,60,2,53,27,80,40,18,8,45,31,9,24,21,33,31,18,20,26,22,9,50,42,40,15,42,26,38,31,2
2020,Middle East and North Africa,Qatar,95 to 100%,Female,90,6.44,50,8.69,18,19,71,56,60,39,6.24,24,15,36,25,20,46,63,63,21,17,9.57,53,70,40,13,63,6,10,28,13,5,3,91,14,6.28,47,2.95,9.23,68,7.44,67,6,36,35,80,43,22,12,37,35,6,12,16,26,34,9,23,36,23,8,48,38,43,24,36,31,16,36,2
2020,Middle East and North Africa,Qatar,95 to 100%,Male,79,5.69,58,8.81,82,48,63,81,88,62,6.57,76,85,51,35,37,42,60,64,79,83,6.68,51,32,43,23,31,11,12,42,22,11,3,85,86,4.02,50,2.01,6.03,78,6.89,68,8,36,41,80,41,30,8,31,20,10,16,18,26,25,11,17,22,25,12,36,29,30,17,45,24,24,26,2
2020,Middle East and North Africa,Saudi Arabia,95 to 100%,Female,89,6.75,52,10.28,51,18,63,53,65,51,6.49,57,48,35,37,37,50,61,46,55,54,10.95,45,58,27,7,42,3,7,22,10,8,3,84,47,6.67,43,2.87,9.54,69,7.30,60,7,27,23,69,28,17,15,45,30,7,12,14,19,20,9,13,28,28,9,33,32,35,17,30,23,13,30,4
2020,Middle East and North Africa,Saudi Arabia,95 to 100%,Male,80,5.51,62,8.74,49,47,58,75,89,66,6.78,43,52,45,35,40,53,59,39,45,46,6.87,48,25,34,16,26,12,5,30,17,15,6,86,53,4.30,42,1.81,6.11,78,6.92,65,10,37,36,74,34,24,10,32,16,7,15,12,26,19,11,14,22,21,12,32,28,29,15,38,20,19,23,5
2020,Middle East and North Africa,Tunisia,45 to 50%,Female,89,5.32,33,6.20,50,6,66,22,32,34,6.16,51,47,24,18,15,34,52,35,58,59,9.07,52,81,37,7,58,1,13,20,14,4,0,86,36,4.21,57,2.40,6.61,30,6.34,43,3,37,15,80,42,9,10,51,42,10,16,12,12,26,9,12,29,21,7,27,33,42,15,16,16,11,27,2
2020,Middle East and North Africa,Tunisia,45 to 50%,Male,73,5.10,55,7.65,50,34,62,58,71,53,5.92,49,53,33,32,41,45,46,21,42,41,6.13,60,29,47,14,19,5,21,34,16,11,2,86,64,2.35,46,1.08,3.43,65,6.82,53,5,41,33,80,41,14,8,47,22,12,18,10,21,23,8,10,22,27,7,32,38,34,14,24,17,16,25,2
2020,Middle East and North Africa,United Arab Emirates,90 to 95%,Female,90,6.75,44,9.40,51,18,79,49,57,36,6.16,62,48,43,27,25,46,59,58,53,50,9.95,57,68,51,10,61,1,9,38,12,7,3,86,51,4.73,51,2.41,7.14,60,6.85,63,6,28,34,83,53,20,9,29,27,8,13,15,26,25,12,24,28,24,7,43,37,41,23,47,25,24,34,3
2020,Middle East and North Africa,United Arab Emirates,90 to 95%,Male,85,5.83,58,9.05,49,44,65,79,84,53,6.15,38,53,46,33,36,44,64,60,47,50,7.09,51,32,44,14,30,8,9,43,17,15,5,90,49,3.85,48,1.85,5.70,75,6.90,66,8,32,36,79,41,21,11,30,17,8,11,13,30,23,9,15,19,26,11,37,31,28,16,48,22,29,27,2
2020,Europe and Central Asia,Albania,60 to 65%,Female,96,5.03,43,6.96,44,9,70,42,44,26,5.91,51,44,46,12,13,48,55,31,44,46,9.06,47,80,60,6,67,6,17,38,14,3,2,84,39,4.13,50,2.07,6.20,45,6.79,70,4,42,23,64,40,15,13,43,29,13,13,14,20,42,15,18,39,14,3,40,26,46,15,39,23,18,31,2
2020,Europe and Central Asia,Albania,60 to 65%,Male,91,5.65,57,8.18,56,50,62,67,66,46,5.88,49,56,52,16,21,45,50,38,56,54,6.43,50,19,58,17,19,12,19,43,22,9,1,90,61,2.93,46,1.35,4.28,70,6.66,66,5,49,45,60,40,30,10,39,18,13,12,11,28,34,14,15,33,20,4,36,22,39,15,40,18,20,26,3
2020,Europe and Central Asia,Armenia,55 to 60%,Female,85,5.05,42,7.27,59,22,70,39,41,37,5.84,59,55,54,19,19,54,58,23,60,69,10.09,41,75,49,3,61,4,14,34,14,4,2,82,43,4.82,39,1.88,6.70,52,6.84,64,4,57,22,74,61,17,6,32,19,7,9,7,18,30,7,18,31,26,9,38,15,42,14,29,12,30,29,2
2020,Europe and Central Asia,Armenia,55 to 60%,Male,69,4.65,58,9.29,41,41,72,71,69,61,6.50,41,45,72,27,32,41,53,19,40,31,6.81,43,16,51,8,19,10,18,40,27,11,3,85,57,3.66,30,1.10,4.76,75,7.20,64,5,59,48,80,68,30,4,17,14,8,10,6,23,21,6,10,27,33,12,37,20,31,14,35,10,30,28,3
2020,Europe and Central Asia,Austria,90 to 95%,Female,95,6.95,59,8.25,54,50,43,62,64,16,4.66,55,57,85,35,38,19,48,36,61,69,9.85,44,81,59,5,73,3,37,57,9,8,2,76,55,3.53,36,1.27,4.80,32,5.03,67,16,44,59,86,68,24,5,19,29,3,15,19,11,8,16,6,30,29,6,28,20,28,25,26,29,13,24,4
2020,Europe and Central Asia,Austria,90 to 95%,Male,90,6.98,62,8.62,46,57,47,81,80,28,4.41,45,43,15,36,37,16,38,45,39,31,6.60,41,57,53,14,52,4,24,60,15,11,3,78,45,2.26,32,0.72,2.98,36,5.16,64,23,46,68,89,76,32,4,18,18,3,10,20,11,7,13,4,16,39,5,22,15,24,23,26,19,15,22,3
2020,Europe and Central Asia,Azerbaijan,80 to 85%,Female,86,4.52,30,6.02,52,21,75,35,46,43,6.41,61,51,40,25,24,54,56,80,47,62,9.26,52,77,52,5,67,5,15,37,18,3,3,78,40,4.36,48,2.09,6.45,51,7.06,55,4,46,11,76,47,12,6,49,33,9,14,14,25,27,13,28,42,16,6,39,23,57,16,35,14,27,35,3
2020,Europe and Central Asia,Azerbaijan,80 to 85%,Male,67,4.41,45,7.78,48,49,73,71,75,59,6.46,39,49,60,31,38,52,53,82,55,38,7.23,47,29,61,11,17,12,22,43,13,8,1,84,60,3.19,38,1.21,4.40,71,6.92,64,6,55,33,77,56,29,6,61,20,13,15,12,28,25,11,19,48,16,8,37,20,41,15,34,14,26,34,2
2020,Europe and Central Asia,Belarus,85 to 90%,Female,90,6.49,47,7.94,62,46,65,58,60,39,4.91,55,64,83,37,42,37,50,73,58,70,7.42,28,86,64,3,77,13,42,60,10,3,2,80,57,1.40,21,0.29,1.69,43,6.19,63,13,64,30,82,70,29,4,23,14,8,15,18,7,8,18,20,18,26,5,29,8,20,39,22,26,11,11,3
2020,Europe and Central Asia,Belarus,85 to 90%,Male,84,6.10,53,8.48,38,61,68,80,77,45,5.18,45,36,85,18,23,27,48,67,42,30,5.52,14,59,64,15,50,14,34,58,21,7,1,89,43,2.65,15,0.40,3.05,60,6.37,80,11,71,61,90,78,38,1,20,15,6,14,19,10,8,15,12,23,37,5,33,10,20,39,31,24,17,17,2
2020,Europe and Central Asia,Belgium,90 to 95%,Female,96,7.46,44,8.78,55,42,39,67,59,16,4.64,55,57,78,41,40,29,42,31,60,64,7.61,45,83,57,10,69,3,46,52,7,5,3,72,56,3.25,37,1.20,4.45,21,4.69,62,19,50,62,86,76,17,4,19,37,5,15,30,6,10,10,15,27,24,6,28,28,39,30,22,27,10,27,3
2020,Europe and Central Asia,Belgium,90 to 95%,Male,90,7.38,53,8.04,45,54,43,78,77,20,4.85,45,43,77,32,31,28,38,28,40,36,5.76,44,44,50,18,48,6,36,55,9,12,2,73,44,2.58,34,0.88,3.46,24,4.71,65,20,56,70,89,79,24,2,17,28,8,17,26,10,9,9,12,28,30,8,28,23,35,30,24,21,13,30,4
2020,Europe and Central Asia,Bosnia and Herzegovina,80 to 85%,Female,95,5.19,64,7.48,54,17,55,68,42,20,5.17,60,53,65,25,21,29,44,21,54,64,14.00,42,85,60,18,67,14,22,45,30,4,2,86,47,4.50,41,1.85,6.35,35,6.96,65,6,53,47,79,56,29,6,21,33,2,23,28,11,30,13,21,33,21,5,41,26,43,36,29,41,19,29,3
2020,Europe and Central Asia,Bosnia and Herzegovina,80 to 85%,Male,89,5.53,79,8.32,46,46,54,35,71,39,5.50,40,47,72,19,24,27,36,25,46,36,10.00,28,32,50,27,24,19,23,50,32,10,2,90,53,2.75,29,0.80,3.55,55,6.85,64,7,67,67,82,62,47,3,18,20,2,23,23,16,19,11,16,26,29,6,36,23,33,30,36,32,23,24,1
2020,Europe and Central Asia,Bulgaria,75 to 80%,Female,95,6.20,56,7.58,59,27,76,62,47,20,4.84,65,63,82,27,30,40,53,30,67,67,8.27,32,88,62,78,75,17,29,61,12,3,2,83,57,4.00,32,1.28,5.28,38,6.10,70,8,66,51,81,69,27,4,28,24,6,20,21,20,12,10,20,33,26,5,48,34,44,19,41,30,26,31,2
2020,Europe and Central Asia,Bulgaria,75 to 80%,Male,89,6.13,69,8.74,41,64,71,79,70,36,4.99,35,37,85,31,30,35,42,28,33,33,6.43,44,56,63,22,43,22,31,58,19,5,1,81,43,2.58,27,0.70,3.28,52,6.54,65,11,69,69,86,74,34,3,56,16,7,20,21,20,12,8,19,30,31,8,42,30,39,18,39,28,25,30,3
2020,Europe and Central Asia,Croatia,80 to 85%,Female,95,5.71,40,8.80,63,27,59,61,56,11,4.74,66,67,74,29,25,25,40,78,66,71,13.00,35,86,65,25,72,10,38,55,22,4,2,86,61,3.82,31,1.18,5.00,23,6.30,68,9,51,56,85,68,24,5,17,28,3,21,33,10,21,10,20,34,22,6,39,22,42,31,34,38,21,31,3
2020,Europe and Central Asia,Croatia,85 to 90%,Male,92,6.32,60,8.57,37,43,52,39,71,22,4.78,34,33,80,24,25,21,39,67,34,29,8.00,34,50,55,40,41,14,33,54,37,7,4,90,39,2.74,21,0.58,3.32,33,6.00,66,9,60,71,86,74,38,4,13,18,2,22,28,10,15,10,18,27,33,8,34,19,32,28,31,29,22,26,4
2020,Europe and Central Asia,Czeck Republic,65 to 70%,Female,91,6.46,53,9.15,59,36,64,51,57,20,4.95,59,61,83,37,30,23,50,40,63,69,10.78,37,91,73,9,79,5,54,54,5,3,1,86,61,3.56,23,0.82,4.38,36,5.79,72,9,56,51,60,72,24,10,12,34,4,23,24,9,8,10,16,12,30,5,39,28,33,15,30,27,20,28,3
2020,Europe and Central Asia,Czeck Republic,70 to 75%,Male,85,6.43,67,8.84,41,50,63,75,77,33,5.19,41,39,83,35,35,22,37,65,37,31,7.36,36,67,61,25,53,7,41,59,9,4,2,82,39,2.60,19,0.49,3.09,44,6.01,62,19,52,64,76,78,30,6,14,25,7,19,17,9,8,6,12,14,36,7,30,21,23,13,31,17,16,25,1
2020,Europe and Central Asia,Denmark,85 to 90%,Female,94,8.04,29,6.82,50,48,62,70,60,5,2.63,45,51,89,42,40,11,34,31,57,59,9.83,31,84,70,13,76,1,32,59,2,6,4,74,54,2.68,22,0.59,3.27,12,3.54,61,26,49,60,85,82,7,3,14,29,2,9,19,4,8,7,8,28,37,5,11,11,30,14,14,14,3,17,8
2020,Europe and Central Asia,Denmark,90 to 95%,Male,91,8.21,40,7.24,50,55,63,78,66,12,3.00,55,49,84,37,37,10,32,30,43,41,5.91,32,68,67,30,64,2,25,63,8,7,2,74,46,2.13,20,0.43,2.56,15,3.60,62,28,55,73,89,87,14,1,10,26,2,9,18,5,9,6,7,22,42,6,10,8,23,16,19,11,6,18,4
2020,Europe and Central Asia,Finland,95 to 100%,Female,94,7.69,48,7.75,47,51,62,76,70,11,3.68,52,52,81,47,48,30,41,68,51,56,7.51,48,88,59,10,78,6,38,65,11,5,5,76,49,2.87,29,0.83,3.70,22,4.53,64,25,41,51,92,84,22,1,18,25,7,11,19,12,14,14,13,39,26,5,24,13,32,16,24,24,11,28,9
2020,Europe and Central Asia,Finland,95 to 100%,Male,88,7.58,52,7.97,53,61,62,80,75,21,4.22,48,48,75,28,35,19,35,76,49,44,6.86,41,68,60,29,61,9,22,65,13,7,4,78,51,2.28,29,0.66,2.94,26,4.37,71,25,52,65,92,82,24,4,15,15,6,9,15,10,10,7,9,30,40,8,22,10,26,15,24,18,13,23,6
2020,Europe and Central Asia,France,65 to 70%,Female,97,6.40,52,7.93,56,43,57,27,66,18,5.27,61,57,83,40,45,38,49,69,60,62,9.26,51,89,63,8,72,4,49,59,7,4,3,69,55,2.85,39,1.11,3.96,32,6.43,64,17,39,64,82,75,17,4,18,35,13,21,23,7,12,9,14,33,22,6,37,35,39,33,30,26,10,25,3
2020,Europe and Central Asia,France,70 to 75%,Male,92,6.63,60,7.82,44,56,58,19,74,30,5.29,39,43,80,31,32,27,42,68,40,38,7.30,47,66,58,10,55,7,31,56,11,8,2,76,45,1.89,31,0.59,2.48,30,5.42,66,21,43,66,84,75,27,4,19,24,18,17,17,8,12,8,12,33,24,6,31,30,36,28,26,20,11,23,2
2020,Europe and Central Asia,Georgia,50 to 55%,Female,89,5.43,35,7.68,56,22,65,61,36,24,6.80,57,55,48,17,21,51,55,23,52,60,8.76,42,67,44,6,59,10,25,34,15,7,3,81,42,4.34,39,1.69,6.03,33,6.98,57,5,50,23,63,53,24,11,26,68,8,15,12,23,36,7,19,29,23,8,40,27,35,13,31,12,24,24,3
2020,Europe and Central Asia,Georgia,55 to 60%,Male,81,5.53,54,8.26,44,44,64,43,58,41,6.00,43,45,67,30,32,43,48,23,48,40,6.84,45,24,42,11,19,18,19,33,22,11,4,80,58,4.22,34,1.43,5.65,55,7.17,62,7,59,44,65,65,39,4,23,80,9,16,10,28,30,7,12,26,24,11,37,22,33,13,30,10,24,23,3
2020,Europe and Central Asia,Germany,95 to 100%,Female,94,6.52,56,7.79,47,37,58,50,57,18,4.47,53,48,78,33,31,78,49,33,52,54,18.30,49,84,58,7,74,4,27,50,11,5,2,78,49,3.85,33,1.27,5.12,32,5.24,73,12,37,52,83,62,16,6,21,30,5,28,21,12,8,10,9,25,28,7,30,20,34,19,30,20,15,24,4
2020,Europe and Central Asia,Germany,95 to 100%,Male,88,6.62,61,8.51,53,54,57,78,83,37,4.99,47,52,79,37,37,76,53,31,48,46,6.65,42,53,57,21,49,9,18,56,17,8,3,78,51,2.68,30,0.80,3.48,46,5.34,66,23,39,59,86,65,25,6,22,19,6,23,20,14,11,8,9,20,33,10,29,19,29,20,31,18,16,23,4
2020,Europe and Central Asia,Greece,80 to 85%,Female,95,5.74,54,7.82,46,38,67,53,49,19,5.16,52,48,64,30,30,41,52,26,55,50,9.22,47,18,58,7,69,8,34,52,12,4,2,75,52,3.67,48,1.76,5.43,34,6.47,66,12,44,45,75,66,20,8,34,25,6,19,22,21,16,8,19,44,19,7,49,30,40,21,42,28,17,33,2
2020,Europe and Central Asia,Greece,80 to 85%,Male,90,6.27,61,8.76,54,47,64,71,69,38,5.42,48,52,63,32,31,41,48,26,45,50,6.21,46,54,55,16,40,13,26,53,17,6,3,82,48,2.96,43,1.27,4.23,41,6.60,59,14,45,56,79,60,29,8,32,21,8,19,19,21,18,7,15,44,19,7,38,24,34,19,43,21,17,39,3
2020,Europe and Central Asia,Hungary,80 to 85%,Female,88,6.45,70,7.50,54,59,68,56,46,11,5.11,56,54,78,30,30,31,40,65,56,58,9.14,46,88,67,10,77,10,33,60,7,3,2,83,54,3.93,35,1.38,5.31,25,5.83,69,11,38,45,92,67,20,3,17,36,4,32,28,15,20,32,11,23,20,6,42,27,32,26,36,44,16,9,4
2020,Europe and Central Asia,Hungary,85 to 90%,Male,85,6.37,79,8.21,46,44,65,73,61,25,5.22,44,46,76,32,33,26,38,63,44,42,5.26,36,56,61,18,45,10,28,52,12,7,4,86,46,2.56,23,0.59,3.15,29,6.06,62,16,39,56,91,78,28,3,17,25,8,27,23,12,17,25,9,20,24,7,32,20,27,29,37,33,15,12,4
2020,Europe and Central Asia,Ireland,85 to 90%,Female,94,7.48,51,8.44,59,43,37,58,55,7,4.03,60,59,79,34,37,77,44,30,68,68,9.52,60,89,67,11,78,3,34,62,5,4,1,81,63,3.39,56,1.90,5.29,34,5.81,66,9,51,64,89,69,11,3,16,41,4,17,37,14,21,15,20,37,18,4,32,25,47,22,33,31,15,37,4
2020,Europe and Central Asia,Ireland,85 to 90%,Male,92,7.55,62,8.91,41,58,46,76,77,18,5.05,40,41,79,29,27,80,35,33,32,33,6.63,48,68,60,26,63,6,28,64,11,8,2,78,37,2.94,41,1.21,4.15,25,5.11,63,17,49,68,88,72,15,5,18,23,6,18,27,15,18,11,15,34,27,5,25,17,40,26,33,25,14,33,4
2020,Europe and Central Asia,Italy,55 to 60%,Female,96,6.42,46,8.51,57,25,52,33,54,12,4.86,58,55,65,19,19,25,46,32,63,63,11.93,53,81,64,39,70,7,38,48,25,3,2,76,57,3.41,44,1.50,4.91,24,6.05,69,10,53,66,88,70,13,5,20,34,3,12,27,13,23,9,27,25,20,6,37,26,42,24,38,29,19,14,2
2020,Europe and Central Asia,Italy,55 to 60%,Male,94,6.50,54,8.49,43,52,54,54,69,22,5.42,42,45,66,17,17,25,40,39,37,37,7.63,50,48,62,57,47,12,31,56,38,7,2,83,43,2.37,39,0.92,3.29,38,5.90,67,15,55,72,87,75,20,3,17,25,3,11,23,12,18,7,23,24,29,7,34,25,37,21,38,25,17,17,4
2020,Europe and Central Asia,Kazakhstan,60 to 65%,Female,80,5.58,36,7.00,59,31,53,50,62,52,5.79,64,59,69,29,31,53,63,74,57,71,10.44,44,78,58,6,65,7,22,45,16,2,4,84,57,5.20,41,2.13,7.33,74,6.67,62,7,53,18,70,43,19,8,27,23,6,29,23,29,25,26,23,33,13,7,38,20,34,15,31,32,38,18,3
2020,Europe and Central Asia,Kazakhstan,60 to 65%,Male,64,5.05,51,7.85,41,51,57,67,78,65,6.06,36,41,80,31,37,45,60,75,43,29,8.76,44,23,47,14,18,10,19,38,21,10,3,81,43,4.51,34,1.53,6.04,86,6.90,76,6,53,44,72,46,28,8,19,14,8,30,21,28,23,20,17,34,19,8,32,16,31,22,31,31,29,21,2
2020,Europe and Central Asia,Kyrgyz Republic,30 to 35%,Female,85,5.74,40,7.49,55,24,51,42,58,52,5.91,59,55,65,25,30,55,69,23,60,60,9.14,50,76,53,9,62,10,16,39,16,2,1,85,48,5.49,48,2.64,8.13,72,6.66,65,3,50,21,66,36,22,11,28,25,8,21,19,28,36,25,24,32,13,7,39,27,33,17,34,32,32,19,2
2020,Europe and Central Asia,Kyrgyz Republic,30 to 35%,Male,74,4.93,56,8.18,45,53,50,71,78,70,6.32,41,45,77,35,37,48,61,25,40,40,7.27,50,22,50,14,18,24,30,43,27,8,3,90,52,4.83,35,1.69,6.52,80,6.86,77,4,60,50,70,42,40,4,18,19,11,23,16,26,25,19,16,32,18,6,34,25,29,18,29,26,28,18,3
2020,Europe and Central Asia,Latvia,95 to 100%,Female,89,6.16,57,7.78,63,42,56,53,50,31,4.83,61,66,76,33,36,33,50,49,74,73,9.37,42,82,65,10,76,9,51,62,10,5,2,82,68,3.69,31,1.14,4.83,47,5.65,70,14,54,38,81,75,24,5,20,29,6,15,39,13,15,25,18,22,22,4,34,12,30,14,33,37,16,22,2
2020,Europe and Central Asia,Latvia,95 to 100%,Male,85,6.06,72,8.59,37,53,58,77,28,37,4.74,39,34,24,28,30,30,40,48,26,27,6.01,27,54,56,23,48,11,30,52,14,9,2,83,32,2.89,16,0.46,3.35,51,5.96,70,15,54,59,83,76,31,4,20,16,7,16,26,14,12,16,14,18,35,7,28,11,19,15,31,26,14,19,3
2020,Europe and Central Asia,Lithuania,85 to 90%,Female,86,5.96,49,8.23,64,37,64,66,61,18,5.39,69,65,73,35,39,28,47,61,68,73,10.00,38,78,66,6,73,12,44,59,6,6,2,86,64,3.68,29,1.07,4.75,23,6.06,67,13,59,46,88,71,31,3,27,29,6,26,42,9,15,45,41,30,13,3,26,16,38,13,25,56,12,20,2
2020,Europe and Central Asia,Lithuania,85 to 90%,Male,77,6.21,61,8.59,35,39,67,80,71,25,5.22,31,35,76,30,33,27,38,64,32,27,6.50,40,51,52,20,44,14,32,46,10,13,2,89,36,2.69,22,0.59,3.28,34,5.84,66,15,54,66,87,77,35,3,18,19,9,26,35,16,13,39,35,34,18,7,27,19,28,16,34,43,18,26,2
2020,Europe and Central Asia,Macedonia,45 to 50%,Female,97,5.64,45,7.07,45,15,70,47,45,20,5.23,51,40,66,13,13,38,59,38,48,54,8.69,39,82,52,3,65,12,23,47,14,4,2,86,42,4.85,36,1.75,6.60,39,6.75,28,4,50,38,78,63,20,8,25,22,3,13,23,10,18,15,18,23,32,9,40,35,38,21,37,40,21,36,3
2020,Europe and Central Asia,Macedonia,50 to 65%,Male,88,5.57,57,7.85,55,49,63,63,66,38,5.45,49,60,64,25,26,35,52,43,52,46,6.13,42,25,55,11,22,18,21,56,23,7,3,88,58,3.78,34,1.29,5.07,54,6.30,72,5,59,60,75,62,33,6,25,16,5,13,19,14,13,12,14,25,33,10,34,26,34,19,35,29,19,33,2
2020,Europe and Central Asia,Moldova,75 to 80%,Female,91,5.53,45,7.72,68,19,49,34,37,31,4.89,73,68,66,17,21,54,62,30,73,77,10.38,47,87,57,9,77,15,36,53,17,2,2,82,69,5.37,38,2.04,7.41,48,6.15,73,5,62,29,70,57,28,6,30,26,12,18,28,17,35,23,19,44,13,6,51,30,36,25,31,36,29,17,2
2020,Europe and Central Asia,Moldova,75 to 80%,Male,84,5.59,64,8.69,32,43,52,69,69,53,5.50,27,32,79,31,32,46,57,30,27,23,7.16,37,49,51,21,33,23,32,49,23,6,2,87,31,4.12,27,1.11,5.23,62,6.72,67,10,60,49,78,64,33,5,27,20,16,17,19,25,30,18,16,40,20,6,43,27,33,23,36,28,26,23,3
2020,Europe and Central Asia,Netherlands,95 to 100%,Female,93,7.33,56,8.59,48,41,59,58,60,17,4.59,51,46,76,33,34,18,37,75,54,51,9.75,44,81,57,5,69,4,26,52,7,8,3,76,53,3.28,32,1.05,4.33,21,4.72,67,16,48,47,88,75,14,5,66,78,5,19,27,13,18,13,16,31,26,8,23,16,37,20,31,29,9,27,7
2020,Europe and Central Asia,Netherlands,95 to 100%,Male,89,7.57,62,8.14,52,58,58,81,80,26,4.28,48,54,75,32,34,21,35,62,46,49,5.88,40,58,49,12,50,5,23,50,13,12,5,76,47,2.48,24,0.60,3.08,26,4.47,62,23,50,61,89,78,25,3,72,20,7,16,24,11,16,10,14,28,32,8,25,17,32,20,30,19,11,22,5
2020,Europe and Central Asia,Poland,85 to 90%,Female,92,6.30,54,8.51,54,44,54,50,51,25,5.84,59,51,77,30,30,28,52,26,65,61,11.44,41,79,50,5,66,7,37,46,5,8,2,82,59,4.28,30,1.28,5.56,28,5.80,72,7,58,51,86,78,21,5,19,50,6,20,43,13,23,31,17,25,13,4,35,13,26,18,34,45,15,37,3
2020,Europe and Central Asia,Poland,85 to 90%,Male,86,6.50,63,9.04,46,57,54,67,67,35,5.87,41,49,73,18,19,19,38,48,35,39,7.55,40,59,48,13,41,12,31,46,11,10,1,88,41,3.41,20,0.68,4.09,41,5.85,62,9,59,61,90,80,29,3,15,37,4,18,33,14,18,21,10,19,24,4,28,12,24,15,31,28,13,23,3
2020,Europe and Central Asia,Portugal,80 to 85%,Female,97,5.70,33,7.59,59,33,60,71,64,6,4.45,62,57,67,30,32,36,53,30,58,66,9.13,58,82,47,20,62,5,39,49,7,5,2,74,50,3.72,51,1.90,5.62,15,5.64,65,9,62,65,71,70,16,6,20,25,4,14,35,11,12,13,20,39,21,6,49,51,33,25,39,45,26,18,2
2020,Europe and Central Asia,Portugal,85 to 90%,Male,97,6.30,42,7.30,41,44,63,75,75,13,4.66,38,43,67,23,23,29,44,27,42,34,6.32,46,55,43,30,44,10,29,49,11,8,3,87,50,2.74,43,1.18,3.92,19,4.91,64,12,58,70,74,72,22,6,18,19,5,19,24,13,10,10,20,38,25,7,43,46,32,22,38,39,24,21,3
2020,Europe and Central Asia,Russia,85 to 90%,Female,85,6.00,52,8.05,53,39,65,51,52,39,5.22,53,56,75,28,32,38,57,24,59,64,8.62,41,84,67,6,76,9,40,55,14,4,3,79,53,3.89,33,1.28,5.17,51,5.95,65,11,61,30,82,65,26,5,23,25,10,17,19,15,20,24,30,38,20,6,37,13,36,17,31,29,22,19,3
2020,Europe and Central Asia,Russia,85 to 90%,Male,78,5.72,64,9.17,47,54,66,72,74,49,5.89,47,44,25,24,27,32,50,32,41,36,6.09,32,48,58,14,40,11,28,46,19,8,4,83,47,3.02,23,0.69,3.71,66,6.27,69,12,63,48,86,70,34,3,23,15,10,17,18,16,19,14,18,38,27,7,31,14,31,17,34,19,19,21,2
2020,Europe and Central Asia,Serbia,80 to 85%,Female,95,6.05,62,7.71,53,34,69,43,48,14,5.21,57,54,71,24,24,31,41,76,61,60,0.65,47,84,68,18,73,6,29,57,20,4,2,87,55,3.95,40,1.58,5.53,35,6.57,66,10,57,45,89,71,23,4,21,30,5,27,26,9,27,17,20,44,20,8,42,26,43,42,33,45,16,27,3
2020,Europe and Central Asia,Serbia,80 to 85%,Male,88,6.44,76,8.31,47,50,66,74,72,29,5.39,43,46,72,30,33,25,37,68,39,40,7.57,46,48,61,30,39,12,28,58,25,7,3,86,45,2.64,33,0.87,3.51,47,6.23,59,15,63,60,85,75,34,3,19,19,5,25,24,14,26,16,18,40,24,11,36,26,34,36,36,32,14,24,3
2020,Europe and Central Asia,Slovakia,85 to 90%,Female,93,6.67,47,7.87,57,35,40,49,46,19,5.00,59,60,81,31,30,31,46,47,61,63,12.03,48,91,79,13,84,12,43,65,7,2,3,85,59,3.82,40,1.53,5.35,25,5.61,70,10,56,46,68,68,30,7,11,30,3,27,27,11,10,14,12,21,26,5,38,20,29,13,29,30,22,20,2
2020,Europe and Central Asia,Slovakia,85 to 90%,Male,90,6.70,63,8.34,43,48,41,72,69,32,5.13,41,40,83,24,24,21,41,56,39,37,7.75,45,71,66,28,54,13,39,55,12,4,2,89,41,3.01,32,0.96,3.97,33,5.67,64,12,53,66,82,75,36,6,10,25,9,23,25,11,7,15,13,20,30,8,34,17,27,12,32,22,21,20,3
2020,Europe and Central Asia,Slovenia,85 to 90%,Female,97,6.22,43,7.67,56,59,42,59,53,14,3.77,60,61,81,32,29,26,45,40,64,59,7.56,40,88,30,14,68,16,42,61,7,4,2,85,57,3.65,37,1.35,5.00,26,5.65,74,10,58,66,86,71,30,3,15,24,3,16,40,7,23,17,6,12,31,4,32,24,24,23,27,44,17,24,2
2020,Europe and Central Asia,Slovenia,85 to 90%,Male,92,6.66,53,8.11,44,31,45,76,73,23,4.08,40,39,82,25,28,25,39,54,36,41,5.46,34,52,70,26,45,17,36,52,12,7,2,90,43,2.34,24,0.56,2.90,39,5.20,68,11,60,78,87,77,39,4,15,19,5,18,33,8,22,15,10,12,36,7,29,16,23,24,27,35,17,24,3
2020,Europe and Central Asia,Spain,90 to 95%,Female,96,6.27,50,7.79,57,34,56,63,60,9,4.31,61,60,64,32,31,45,56,30,66,63,12.64,56,83,43,21,63,4,34,51,7,5,2,80,54,4.08,48,1.96,6.04,15,5.33,69,8,55,62,82,73,13,5,18,39,5,21,41,19,15,20,19,49,13,5,47,44,38,37,46,40,22,17,4
2020,Europe and Central Asia,Spain,90 to 95%,Male,90,6.71,58,8.26,43,55,58,74,74,20,4.68,39,40,67,24,25,35,45,32,34,37,9.28,50,65,45,33,53,6,33,51,10,7,4,85,46,2.94,44,1.29,4.23,21,4.72,67,12,56,67,79,72,17,4,19,28,10,21,33,20,18,15,18,52,13,8,41,31,38,31,43,31,23,21,2
2020,Europe and Central Asia,Sweden,65 to 70%,Female,94,7.13,42,7.57,45,33,65,52,57,16,4.30,47,47,65,31,30,24,47,26,48,45,9.97,42,84,52,4,68,6,20,49,10,4,3,79,45,4.12,30,1.24,5.36,32,4.51,68,14,46,42,82,68,13,6,20,19,5,15,25,11,13,10,13,29,30,7,22,14,31,16,26,29,9,21,5
2020,Europe and Central Asia,Sweden,70 to 75%,Male,92,7.05,49,7.79,55,57,65,77,78,34,4.37,53,53,24,31,37,19,43,32,52,55,6.31,37,54,56,16,51,5,15,56,20,9,3,80,55,3.07,26,0.80,3.87,37,5.35,67,19,46,56,87,71,16,4,20,14,7,14,20,14,11,11,9,28,37,6,23,16,25,14,25,23,15,16,5
2020,Europe and Central Asia,Switzerland,75 to 80%,Female,95,6.73,56,8.25,53,42,39,64,63,15,4.95,57,56,83,38,41,23,44,29,62,58,10.45,47,88,59,7,71,3,36,60,11,5,3,75,52,3.09,36,1.11,4.20,27,5.27,70,20,37,57,86,74,17,5,14,25,7,12,13,7,9,5,8,22,40,7,27,21,28,22,24,16,7,18,5
2020,Europe and Central Asia,Switzerland,80 to 85%,Male,91,6.92,62,8.10,47,58,43,82,84,21,4.51,43,44,82,34,37,19,33,71,38,42,5.09,43,63,51,15,54,4,20,64,10,8,2,75,48,1.91,30,0.57,2.48,33,5.12,68,23,38,68,88,79,23,3,15,18,6,12,9,8,8,4,7,23,43,6,22,15,25,25,26,13,9,19,3
2020,Europe and Central Asia,Turkey,70 to 75%,Female,87,4.84,36,7.23,31,15,80,30,35,32,6.17,35,29,41,23,21,48,59,22,40,37,11.10,62,81,59,5,70,5,15,37,18,3,3,67,25,4.52,70,3.16,7.68,50,6.78,72,4,36,27,85,42,9,9,25,28,5,18,25,19,32,9,17,33,20,6,37,30,47,23,26,30,28,33,2
2020,Europe and Central Asia,Turkey,85 to 90%,Male,74,5.05,53,8.93,69,59,77,78,77,47,6.09,65,71,58,28,33,48,61,14,60,63,6.63,57,30,61,17,30,13,14,55,27,9,3,82,75,2.88,52,1.50,4.38,71,6.45,67,7,39,38,85,41,16,9,31,16,8,19,16,30,23,9,13,30,22,8,39,27,37,19,36,22,29,27,3
2020,Europe and Central Asia,United Kingdom,95 to 100%,Female,93,7.12,50,8.89,56,49,47,62,57,9,4.34,58,56,77,33,35,25,45,24,63,65,9.16,57,85,65,10,76,2,36,62,6,6,2,76,56,3.21,48,1.54,4.75,29,5.21,64,14,43,56,86,71,7,6,18,32,3,24,34,9,18,19,15,35,20,5,30,29,43,28,30,31,13,34,4
2020,Europe and Central Asia,United Kingdom,95 to 100%,Male,90,7.49,59,8.37,44,63,50,79,74,17,4.57,42,44,78,30,30,24,35,33,37,35,6.06,47,65,54,16,57,4,24,57,11,11,3,77,44,2.35,38,0.89,3.24,24,4.99,64,19,44,60,88,75,15,4,18,23,4,25,29,13,17,16,14,32,26,7,29,25,36,26,38,28,15,31,4
2020,Europe and Central Asia,Uzbekistan,40 to 45%,Female,80,4.89,35,5.90,53,33,83,44,51,59,6.57,57,52,64,34,31,55,66,25,57,60,10.19,52,76,59,3,65,4,20,38,14,4,1,85,39,4.47,45,2.01,6.48,69,7.02,59,5,59,23,68,50,16,7,25,24,9,15,16,28,39,17,29,37,16,8,47,29,46,17,35,24,23,26,3
2020,Europe and Central Asia,Uzbekistan,45 to 50%,Male,61,4.46,56,7.60,47,57,72,76,84,75,7.46,43,48,80,40,46,47,61,20,43,40,6.43,53,25,64,10,28,18,20,39,24,6,3,87,61,3.35,48,1.61,4.96,83,7.44,77,5,62,48,76,59,35,4,18,19,10,14,14,26,34,15,15,35,21,8,38,25,37,16,36,24,27,25,3
2020,Sub-Saharan Africa,Angola,10 to 15%,Female,88,5.15,32,6.17,37,9,66,30,32,25,4.94,36,33,13,13,11,81,72,52,32,35,10.72,70,73,29,16,60,3,11,16,19,6,2,90,18,4.00,60,2.40,6.40,49,6.65,46,1,23,11,39,24,17,38,52,63,13,19,20,25,34,18,25,30,10,7,43,63,40,36,49,39,18,32,2
2020,Sub-Saharan Africa,Angola,10 to 15%,Male,81,4.93,48,6.64,63,23,64,46,47,40,5.15,64,67,23,15,19,74,70,50,68,65,8.63,67,57,33,33,35,8,16,29,26,7,3,92,82,3.42,54,1.85,5.27,57,6.44,51,4,25,17,49,41,25,26,48,63,16,29,19,32,37,19,27,37,10,6,56,63,40,41,55,44,25,39,3
2020,Sub-Saharan Africa,Benin,5 to 10%,Female,86,5.07,42,7.65,23,9,85,38,52,73,6.34,23,20,23,26,22,67,55,67,24,16,7.79,56,68,27,17,56,5,8,16,13,7,3,84,16,4.20,43,1.81,6.01,77,7.17,64,8,14,14,42,22,10,36,57,50,19,16,9,20,41,6,17,14,17,5,41,37,29,33,36,27,18,28,2
2020,Sub-Saharan Africa,Benin,5 to 10%,Male,74,4.74,58,8.17,77,30,71,55,56,77,6.31,77,80,30,32,33,77,61,68,76,84,5.34,46,44,31,17,29,21,20,28,21,9,3,81,84,3.11,37,1.15,4.26,84,7.29,59,10,19,26,48,25,18,27,61,55,27,19,14,26,41,10,19,11,11,6,48,44,31,42,50,27,27,29,1
2020,Sub-Saharan Africa,Burkina Faso,10 to 15%,Female,90,4.80,50,8.14,43,9,86,43,47,47,6.17,48,38,19,13,12,57,60,38,50,38,10.06,58,71,30,17,57,4,9,26,12,4,2,87,23,4.18,40,1.67,5.85,74,7.36,67,3,14,41,46,23,8,31,60,61,17,10,14,14,30,6,19,24,11,2,34,38,39,41,33,26,15,29,1
2020,Sub-Saharan Africa,Burkina Faso,10 to 15%,Male,72,4.59,66,9.31,57,40,77,58,60,59,5.81,52,62,33,34,41,64,61,30,50,62,5.75,58,28,24,17,15,20,23,36,23,9,4,78,77,2.98,39,1.16,4.14,83,7.43,64,11,25,40,55,27,18,21,59,61,25,14,12,20,39,6,15,31,8,6,42,38,40,43,34,23,17,37,2
2020,Sub-Saharan Africa,Cameroon,20 to 25%,Female,75,5.08,61,7.22,33,15,76,33,37,54,5.71,31,29,19,14,15,69,59,32,35,35,7.28,61,71,32,19,57,16,4,21,13,6,2,90,23,4.02,51,2.05,6.07,65,6.66,55,3,19,6,53,23,10,26,53,55,17,12,13,17,27,8,20,20,16,4,36,33,36,28,28,18,13,30,3
2020,Sub-Saharan Africa,Cameroon,20 to 25%,Male,67,4.56,75,7.88,67,39,72,62,62,60,5.82,69,71,32,30,37,72,64,32,65,65,6.15,50,40,26,25,24,25,13,33,20,8,3,81,77,2.99,51,1.52,4.51,81,6.78,59,9,25,20,58,34,24,16,55,55,20,15,13,26,26,10,17,18,13,5,38,35,35,36,35,21,20,32,3
2020,Sub-Saharan Africa,Ivory Coast ,,Female,87,5.77,56,7.98,26,13,90,47,48,59,6.32,32,20,31,23,24,63,59,28,36,22,8.37,45,61,30,11,59,4,4,21,12,6,3,93,20,4.00,32,1.28,5.28,69,7.35,66,6,9,8,64,28,14,25,36,45,20,12,12,21,21,2,13,14,14,8,47,42,30,26,39,20,16,24,0
2020,Sub-Saharan Africa,Ivory Coast ,,Male,76,5.13,61,8.53,74,42,83,69,72,67,6.07,68,80,49,37,48,68,65,35,64,78,7.00,51,31,24,13,17,12,10,39,18,11,4,82,80,2.78,39,1.08,3.86,79,7.03,68,9,18,20,66,34,19,18,47,41,28,10,8,24,25,4,12,17,14,6,48,42,32,34,40,20,20,23,1
2020,Sub-Saharan Africa,Ethiopia,5% or less,Female,82,5.15,49,7.54,18,16,90,47,56,27,5.61,16,17,41,24,29,20,56,70,9,16,5.90,53,58,42,10,56,2,7,25,13,8,0,94,12,4.94,58,2.87,7.81,48,6.94,57,6,27,14,80,56,9,5,46,43,6,15,10,16,35,10,13,22,17,3,30,24,45,30,42,20,10,38,1
2020,Sub-Saharan Africa,Ethiopia,5% or less,Male,81,5.85,61,7.86,82,38,78,60,65,33,5.97,84,83,31,29,27,38,64,54,91,84,4.51,61,39,29,21,27,7,9,32,29,11,3,91,88,4.13,60,2.48,6.61,69,7.12,55,12,21,11,75,48,9,13,58,45,10,19,10,25,33,8,16,17,15,5,28,27,28,28,37,23,10,40,2
2020,Sub-Saharan Africa,Ghana,25 to 30%,Female,84,6.29,51,7.09,30,9,71,41,48,41,5.74,23,29,21,24,24,67,55,65,27,30,8.49,50,71,40,24,62,7,5,27,16,5,1,76,24,4.04,47,1.90,5.94,64,6.39,42,8,16,6,71,18,7,20,57,48,8,7,9,31,22,12,10,11,17,6,29,29,39,20,33,15,17,32,2
2020,Sub-Saharan Africa,Ghana,25 to 30%,Male,78,5.58,59,7.41,70,28,66,61,63,50,5.87,77,71,25,36,38,71,62,74,73,70,6.26,49,46,30,23,25,16,13,38,27,7,4,82,76,3.48,43,1.50,4.98,66,6.24,46,13,22,17,78,32,20,12,58,46,9,11,12,26,21,12,17,14,18,5,34,30,38,25,40,20,21,34,3
2020,Sub-Saharan Africa,Guinea,5% or less,Female,85,4.97,43,6.90,21,10,83,33,47,66,6.21,20,18,27,28,18,55,57,62,26,19,8.88,57,50,19,10,45,2,3,8,12,11,3,94,13,4.09,31,1.27,5.36,78,7.50,53,3,17,12,39,31,9,33,51,56,84,93,7,13,15,4,14,17,14,6,27,29,28,26,42,14,7,26,1
2020,Sub-Saharan Africa,Guinea,5% or less,Male,67,4.48,64,8.11,79,31,82,58,56,77,6.41,80,82,30,31,38,64,66,44,74,81,6.51,45,25,18,15,13,9,7,30,25,17,3,81,87,2.99,40,1.20,4.19,81,6.86,78,7,20,26,49,37,17,22,59,54,16,7,9,22,26,7,14,16,13,7,40,33,29,34,47,21,13,23,2
2020,Sub-Saharan Africa,Kenya,10 to 15%,Female,88,5.97,53,6.27,35,17,34,35,39,37,5.49,28,34,17,27,25,86,65,20,38,28,7.76,54,70,36,22,51,19,17,23,11,3,1,75,22,5.22,58,3.03,8.25,66,6.30,40,4,13,3,63,7,8,30,58,47,12,13,16,49,23,10,16,11,7,3,38,43,35,24,28,22,29,26,1
2020,Sub-Saharan Africa,Kenya,20 to 25%,Male,73,5.13,64,7.01,65,43,31,60,61,47,5.79,72,66,23,36,39,81,68,22,62,72,6.29,56,31,41,22,27,36,31,32,20,5,1,79,78,4.32,57,2.46,6.78,68,6.99,56,9,20,8,67,12,17,19,61,46,16,18,14,51,33,11,22,14,7,4,40,43,34,26,37,23,32,34,2
2020,Sub-Saharan Africa,Lesotho,20 to 25%,Female,88,5.82,39,6.04,58,14,35,29,39,41,5.94,59,60,26,24,23,81,63,49,56,58,8.13,47,73,35,31,56,10,8,22,11,4,1,85,60,4.93,53,2.61,7.54,77,7.48,43,3,17,9,75,19,10,17,59,62,8,15,17,24,19,15,19,12,10,5,40,48,44,24,29,31,17,33,1
2020,Sub-Saharan Africa,Lesotho,20 to 25%,Male,78,5.50,54,6.50,42,31,37,48,53,43,5.85,41,40,33,26,28,83,63,41,44,42,8.00,49,48,30,32,37,23,27,27,17,5,2,87,40,4.63,54,2.50,7.13,76,7.16,51,7,25,18,74,29,20,10,56,58,10,17,19,32,23,16,26,15,10,5,43,46,39,26,36,29,20,30,2
2020,Sub-Saharan Africa,Madagascar,5% or less,Female,87,6.20,48,6.68,49,13,67,46,45,46,6.55,50,46,39,28,29,64,62,66,48,56,8.29,68,75,50,15,68,6,19,35,7,3,2,88,37,4.55,57,2.59,7.14,66,7.08,61,4,27,23,52,41,14,23,38,47,13,16,13,28,40,6,26,16,11,7,34,33,37,23,49,22,20,33,3
2020,Sub-Saharan Africa,Madagascar,5% or less,Male,80,5.50,53,7.06,51,44,67,59,57,58,6.31,50,54,39,21,26,65,54,60,52,44,7.52,54,48,41,28,42,10,20,34,19,7,2,89,63,3.30,47,1.55,4.85,75,7.16,66,4,33,29,63,53,24,14,41,38,16,20,15,34,46,9,21,20,10,6,33,34,33,30,52,24,24,39,2
2020,Sub-Saharan Africa,Malawi,10 to 15%,Female,92,5.82,51,6.38,48,20,60,36,38,23,5.67,42,45,19,23,25,61,63,60,53,54,6.88,51,74,43,20,69,12,8,30,20,1,1,91,33,4.22,39,1.65,5.87,48,6.42,47,4,16,9,73,30,13,17,56,72,7,15,14,15,19,9,14,10,9,3,32,32,43,22,26,23,16,47,2
2020,Sub-Saharan Africa,Malawi,10 to 15%,Male,87,5.60,59,7.35,52,39,52,47,50,35,5.84,58,55,21,25,23,65,62,69,47,46,6.23,40,48,40,16,38,24,11,30,32,6,1,85,67,3.49,43,1.50,4.99,50,6.27,61,5,17,13,68,33,18,19,63,69,9,17,18,19,21,12,20,15,9,3,38,36,43,29,30,26,23,49,2
2020,Sub-Saharan Africa,Mali,10 to 15%,Female,86,5.00,47,6.77,44,12,80,37,41,61,6.68,45,40,22,21,20,55,65,43,46,42,10.21,43,57,27,6,50,1,7,15,9,5,2,92,25,5.20,43,2.24,7.44,74,7.18,62,5,19,30,54,35,14,25,55,62,15,10,11,15,17,3,13,8,17,5,41,29,27,26,42,19,12,17,3
2020,Sub-Saharan Africa,Mali,10 to 15%,Male,66,4.40,69,9.23,56,48,75,69,72,72,7.07,55,60,41,36,45,63,72,59,54,58,7.58,45,15,27,11,10,16,21,38,22,10,3,79,75,3.38,36,1.22,4.60,84,7.28,72,7,23,47,53,38,26,16,61,56,22,15,12,27,17,7,16,12,13,6,41,36,29,39,42,25,19,25,3
2020,Sub-Saharan Africa,Mauritania,10 to 15%,Female,79,4.22,30,6.73,29,9,85,19,28,55,6.75,34,25,29,20,20,46,50,31,47,28,9.63,62,49,25,6,59,1,3,16,11,7,2,89,16,5.17,41,2.12,7.29,54,6.43,43,1,23,12,83,15,12,11,39,45,8,15,10,11,15,10,8,26,20,8,23,22,32,11,21,11,11,22,2
2020,Sub-Saharan Africa,Mauritania,10 to 15%,Male,67,4.18,51,8.53,71,30,84,52,63,64,6.69,66,75,35,36,39,48,57,29,53,72,7.85,53,21,26,14,14,3,10,31,18,19,4,88,84,4.09,50,2.05,6.14,76,6.84,51,4,30,18,77,24,20,11,39,35,16,18,10,24,18,10,12,24,18,7,31,26,34,15,31,18,15,21,3
2020,Sub-Saharan Africa,Mozambique,5 to 10%,Female,89,5.79,35,6.06,40,11,69,39,36,22,5.75,45,39,18,15,12,74,67,44,38,35,9.66,53,70,18,8,54,7,9,16,17,5,3,92,19,4.96,46,2.28,7.24,47,6.19,49,1,11,10,39,18,23,35,46,56,7,12,14,18,16,11,15,21,13,6,39,46,32,26,38,29,15,23,3
2020,Sub-Saharan Africa,Mozambique,5 to 10%,Male,84,5.14,55,7.38,60,23,67,53,55,36,5.04,55,61,22,26,23,79,67,44,62,65,9.02,61,49,28,16,31,18,16,30,23,9,4,92,81,4.30,54,2.32,6.62,56,6.27,56,4,23,18,54,31,32,21,49,53,9,18,12,27,24,10,17,25,15,7,45,48,35,29,41,33,20,31,3
2020,Sub-Saharan Africa,Nigeria,5% or less,Female,85,5.72,57,6.90,36,6,73,32,49,48,5.83,28,35,21,22,21,86,58,30,26,31,7.99,60,65,35,20,59,8,8,24,21,4,1,87,17,3.78,56,2.12,5.90,76,6.59,46,3,16,6,71,14,7,23,67,60,8,10,13,26,26,11,13,19,9,4,33,37,49,17,22,17,17,34,3
2020,Sub-Saharan Africa,Nigeria,5% or less,Male,69,4.76,71,7.63,64,34,66,54,62,66,5.97,72,66,31,35,36,79,67,31,74,69,7.08,56,42,31,28,28,20,11,32,25,7,1,84,83,4.27,56,2.39,6.66,79,6.59,51,7,23,15,66,24,18,18,67,53,11,16,14,30,28,13,19,21,12,7,33,33,45,19,32,18,22,39,4
2020,Sub-Saharan Africa,South Africa,50 to 55%,Female,88,6.42,35,6.06,52,11,43,29,37,32,6.16,58,50,19,20,18,76,60,51,37,51,8.34,48,74,33,18,60,3,9,18,7,5,1,87,38,4.24,51,2.16,6.40,70,7.34,41,2,15,8,71,17,4,22,49,50,5,10,19,19,18,8,17,15,19,6,38,44,43,20,30,26,17,38,2
2020,Sub-Saharan Africa,South Africa,50 to 55%,Male,85,6.21,49,6.99,48,23,39,35,47,44,6.17,42,50,21,27,26,73,64,47,63,49,6.37,42,49,37,22,37,11,15,22,12,10,3,85,62,3.97,42,1.67,5.64,69,6.77,51,5,20,13,74,25,7,15,43,40,8,14,17,25,23,10,14,17,21,5,39,38,39,21,31,25,19,39,2
2020,Sub-Saharan Africa,Tanzania,45 to 50%,Female,85,5.85,64,7.38,27,27,56,34,70,25,6.04,41,24,29,41,29,63,69,67,37,24,9.22,53,48,17,12,38,16,7,13,15,4,1,83,20,5.92,49,2.90,8.82,60,7.30,51,4,21,4,52,9,25,26,41,29,4,6,5,19,16,5,19,20,15,6,15,18,26,12,12,7,9,22,1
2020,Sub-Saharan Africa,Tanzania,45 to 50%,Male,75,5.02,75,8.19,73,43,48,49,77,52,5.84,59,76,26,43,41,64,69,70,63,76,7.71,39,22,30,14,16,27,13,21,20,6,4,82,80,5.42,43,2.33,7.75,56,5.94,50,9,20,10,50,14,29,17,48,27,8,8,7,23,17,4,18,20,18,6,20,18,27,14,18,12,7,28,2
2020,Sub-Saharan Africa,Uganda,15 to 20%,Female,87,6.20,61,7.38,29,18,57,36,45,36,5.98,26,27,26,24,29,72,63,28,28,28,6.84,61,71,51,24,69,14,14,34,24,3,0,90,20,5.18,63,3.26,8.44,70,6.45,43,4,20,7,77,20,14,18,60,54,13,24,20,40,57,20,24,18,6,5,41,41,48,20,43,26,24,35,3
2020,Sub-Saharan Africa,Uganda,15 to 20%,Male,77,5.20,73,7.66,71,39,53,59,64,49,6.93,74,73,35,33,38,76,67,26,72,72,5.76,60,42,43,30,29,29,21,43,31,5,2,83,80,4.19,61,2.56,6.75,62,6.40,53,8,26,14,73,26,28,14,62,54,13,28,25,37,59,22,28,24,5,6,42,42,50,30,47,28,35,42,2
2020,Sub-Saharan Africa,Zambia,15 to 20%,Female,90,5.98,53,6.38,41,16,80,31,36,33,5.97,38,43,25,23,23,76,62,27,33,39,7.33,58,71,35,15,60,10,6,28,15,3,1,91,21,4.61,50,2.31,6.92,64,6.64,44,3,17,89,74,22,19,18,51,55,3,13,19,19,18,9,12,24,15,4,41,38,40,24,27,23,15,42,2
2020,Sub-Saharan Africa,Zambia,15 to 20%,Male,80,5.32,65,7.31,59,40,74,50,57,48,5.98,62,57,28,28,33,74,69,30,67,61,6.19,49,46,37,22,40,24,12,40,28,4,1,85,79,3.65,47,1.72,5.37,64,6.79,57,4,24,13,72,32,25,15,58,49,8,16,16,30,24,10,17,25,15,7,45,39,41,31,29,24,25,44,2